M, N, B, ALGO_NAME, RESULT, RUNNING_TIME
2, 6, 3.000000, PDP, 11.000000, 0.000151
2, 6, 3.000000, TABU, 1.000000, 0.031000
2, 6, 3.000000, TABU-RAND, 1.000000, 0.000000
2, 6, 3.000000, PDP, 12.000000, 0.000133
2, 6, 3.000000, TABU, 1.000000, 0.031000
2, 6, 3.000000, TABU-RAND, 1.000000, 0.000000
2, 6, 3.000000, PDP, 8.000000, 0.000067
2, 6, 3.000000, TABU, 1.000000, 0.047000
2, 6, 3.000000, TABU-RAND, 1.000000, 0.000000
2, 6, 3.000000, PDP, 17.000000, 0.000111
2, 6, 3.000000, TABU, 1.000000, 0.047000
2, 6, 3.000000, TABU-RAND, 1.000000, 0.000000
2, 6, 3.000000, PDP, 5.000000, 0.000054
2, 6, 3.000000, TABU, 1.000000, 0.047000
2, 6, 3.000000, TABU-RAND, 1.000000, 0.000000
2, 6, 3.000000, PDP, 8.000000, 0.000045
2, 6, 3.000000, TABU, 1.000000, 0.047000
2, 6, 3.000000, TABU-RAND, 1.000000, 0.000000
2, 6, 3.000000, PDP, 19.000000, 0.000156
2, 6, 3.000000, TABU, 1.000000, 0.031000
2, 6, 3.000000, TABU-RAND, 1.000000, 0.000000
2, 6, 3.000000, PDP, 10.000000, 0.000086
2, 6, 3.000000, TABU, 1.000000, 0.031000
2, 6, 3.000000, TABU-RAND, 1.000000, 0.000000
2, 6, 3.000000, PDP, 8.000000, 0.000074
2, 6, 3.000000, TABU, 1.000000, 0.078000
2, 6, 3.000000, TABU-RAND, 1.000000, 0.000000
2, 6, 3.000000, PDP, 13.000000, 0.000113
2, 6, 3.000000, TABU, 1.000000, 0.047000
2, 6, 3.000000, TABU-RAND, 1.000000, 0.000000
2, 6, 5.000000, PDP, 11.000000, 0.000240
2, 6, 5.000000, TABU, 1.000000, 0.047000
2, 6, 5.000000, TABU-RAND, 1.000000, 0.000000
2, 6, 5.000000, PDP, 13.000000, 0.000093
2, 6, 5.000000, TABU, 1.000000, 0.047000
2, 6, 5.000000, TABU-RAND, 1.000000, 0.000000
2, 6, 5.000000, PDP, 3.000000, 0.000067
2, 6, 5.000000, TABU, 1.000000, 0.031000
2, 6, 5.000000, TABU-RAND, 1.000000, 0.000000
2, 6, 5.000000, PDP, 11.000000, 0.000092
2, 6, 5.000000, TABU, 1.000000, 0.047000
2, 6, 5.000000, TABU-RAND, 1.000000, 0.000000
2, 6, 5.000000, PDP, 6.000000, 0.000112
2, 6, 5.000000, TABU, 1.000000, 0.047000
2, 6, 5.000000, TABU-RAND, 1.000000, 0.000000
2, 6, 5.000000, PDP, 5.000000, 0.000074
2, 6, 5.000000, TABU, 1.000000, 0.047000
2, 6, 5.000000, TABU-RAND, 1.000000, 0.000000
2, 6, 5.000000, PDP, 6.000000, 0.000064
2, 6, 5.000000, TABU, 1.000000, 0.031000
2, 6, 5.000000, TABU-RAND, 1.000000, 0.000000
2, 6, 5.000000, PDP, 10.000000, 0.000044
2, 6, 5.000000, TABU, 1.000000, 0.047000
2, 6, 5.000000, TABU-RAND, 1.000000, 0.000000
2, 6, 5.000000, PDP, 11.000000, 0.000056
2, 6, 5.000000, TABU, 1.000000, 0.047000
2, 6, 5.000000, TABU-RAND, 1.000000, 0.000000
2, 6, 5.000000, PDP, 6.000000, 0.000067
2, 6, 5.000000, TABU, 1.000000, 0.047000
2, 6, 5.000000, TABU-RAND, 1.000000, 0.000000
2, 6, 7.000000, PDP, 14.000000, 0.000064
2, 6, 7.000000, TABU, 1.000000, 0.032000
2, 6, 7.000000, TABU-RAND, 1.000000, 0.000000
2, 6, 7.000000, PDP, 8.000000, 0.000085
2, 6, 7.000000, TABU, 1.000000, 0.031000
2, 6, 7.000000, TABU-RAND, 1.000000, 0.000000
2, 6, 7.000000, PDP, 7.000000, 0.000086
2, 6, 7.000000, TABU, 1.000000, 0.094000
2, 6, 7.000000, TABU-RAND, 1.000000, 0.000000
2, 6, 7.000000, PDP, 12.000000, 0.000112
2, 6, 7.000000, TABU, 1.000000, 0.031000
2, 6, 7.000000, TABU-RAND, 1.000000, 0.000000
2, 6, 7.000000, PDP, 12.000000, 0.000078
2, 6, 7.000000, TABU, 1.000000, 0.031000
2, 6, 7.000000, TABU-RAND, 1.000000, 0.000000
2, 6, 7.000000, PDP, 4.000000, 0.000051
2, 6, 7.000000, TABU, 1.000000, 0.031000
2, 6, 7.000000, TABU-RAND, 1.000000, 0.000000
2, 6, 7.000000, PDP, 6.000000, 0.000077
2, 6, 7.000000, TABU, 1.000000, 0.031000
2, 6, 7.000000, TABU-RAND, 1.000000, 0.000000
2, 6, 7.000000, PDP, 8.000000, 0.000042
2, 6, 7.000000, TABU, 1.000000, 0.031000
2, 6, 7.000000, TABU-RAND, 1.000000, 0.000000
2, 6, 7.000000, PDP, 15.000000, 0.000070
2, 6, 7.000000, TABU, 1.000000, 0.047000
2, 6, 7.000000, TABU-RAND, 1.000000, 0.000000
2, 6, 7.000000, PDP, 11.000000, 0.000047
2, 6, 7.000000, TABU, 1.000000, 0.031000
2, 6, 7.000000, TABU-RAND, 1.000000, 0.000000
2, 8, 3.000000, PDP, 19.000000, 0.000329
2, 8, 3.000000, TABU, 1.000000, 0.125000
2, 8, 3.000000, TABU-RAND, 1.052632, 0.000000
2, 8, 3.000000, PDP, 18.000000, 0.000262
2, 8, 3.000000, TABU, 1.000000, 0.046000
2, 8, 3.000000, TABU-RAND, 1.000000, 0.000000
2, 8, 3.000000, PDP, 8.000000, 0.000178
2, 8, 3.000000, TABU, 1.000000, 0.047000
2, 8, 3.000000, TABU-RAND, 1.000000, 0.000000
2, 8, 3.000000, PDP, 13.000000, 0.000305
2, 8, 3.000000, TABU, 1.000000, 0.031000
2, 8, 3.000000, TABU-RAND, 1.000000, 0.000000
2, 8, 3.000000, PDP, 7.000000, 0.000304
2, 8, 3.000000, TABU, 1.000000, 0.047000
2, 8, 3.000000, TABU-RAND, 1.000000, 0.000000
2, 8, 3.000000, PDP, 13.000000, 0.000264
2, 8, 3.000000, TABU, 1.000000, 0.062000
2, 8, 3.000000, TABU-RAND, 1.000000, 0.000000
2, 8, 3.000000, PDP, 10.000000, 0.000493
2, 8, 3.000000, TABU, 1.000000, 0.031000
2, 8, 3.000000, TABU-RAND, 1.000000, 0.000000
2, 8, 3.000000, PDP, 18.000000, 0.000767
2, 8, 3.000000, TABU, 1.000000, 0.047000
2, 8, 3.000000, TABU-RAND, 1.000000, 0.000000
2, 8, 3.000000, PDP, 14.000000, 0.000140
2, 8, 3.000000, TABU, 1.000000, 0.047000
2, 8, 3.000000, TABU-RAND, 1.000000, 0.000000
2, 8, 3.000000, PDP, 15.000000, 0.000190
2, 8, 3.000000, TABU, 1.000000, 0.047000
2, 8, 3.000000, TABU-RAND, 1.000000, 0.000000
2, 8, 5.000000, PDP, 12.000000, 0.000187
2, 8, 5.000000, TABU, 1.000000, 0.031000
2, 8, 5.000000, TABU-RAND, 1.000000, 0.000000
2, 8, 5.000000, PDP, 8.000000, 0.000147
2, 8, 5.000000, TABU, 1.000000, 0.031000
2, 8, 5.000000, TABU-RAND, 1.125000, 0.000000
2, 8, 5.000000, PDP, 12.000000, 0.000210
2, 8, 5.000000, TABU, 1.000000, 0.047000
2, 8, 5.000000, TABU-RAND, 1.000000, 0.000000
2, 8, 5.000000, PDP, 5.000000, 0.000156
2, 8, 5.000000, TABU, 1.000000, 0.047000
2, 8, 5.000000, TABU-RAND, 1.000000, 0.000000
2, 8, 5.000000, PDP, 6.000000, 0.000181
2, 8, 5.000000, TABU, 1.000000, 0.031000
2, 8, 5.000000, TABU-RAND, 1.000000, 0.000000
2, 8, 5.000000, PDP, 2.000000, 0.000169
2, 8, 5.000000, TABU, 1.000000, 0.047000
2, 8, 5.000000, TABU-RAND, 1.000000, 0.000000
2, 8, 5.000000, PDP, 10.000000, 0.000102
2, 8, 5.000000, TABU, 1.000000, 0.031000
2, 8, 5.000000, TABU-RAND, 1.000000, 0.000000
2, 8, 5.000000, PDP, 9.000000, 0.000224
2, 8, 5.000000, TABU, 1.000000, 0.031000
2, 8, 5.000000, TABU-RAND, 1.000000, 0.000000
2, 8, 5.000000, PDP, 20.000000, 0.000251
2, 8, 5.000000, TABU, 1.000000, 0.031000
2, 8, 5.000000, TABU-RAND, 1.000000, 0.000000
2, 8, 5.000000, PDP, 13.000000, 0.000092
2, 8, 5.000000, TABU, 1.076923, 0.032000
2, 8, 5.000000, TABU-RAND, 1.076923, 0.000000
2, 8, 7.000000, PDP, 10.000000, 0.000221
2, 8, 7.000000, TABU, 1.000000, 0.031000
2, 8, 7.000000, TABU-RAND, 1.000000, 0.000000
2, 8, 7.000000, PDP, 7.000000, 0.000164
2, 8, 7.000000, TABU, 1.000000, 0.031000
2, 8, 7.000000, TABU-RAND, 1.000000, 0.000000
2, 8, 7.000000, PDP, 11.000000, 0.000170
2, 8, 7.000000, TABU, 1.000000, 0.079000
2, 8, 7.000000, TABU-RAND, 1.000000, 0.000000
2, 8, 7.000000, PDP, 11.000000, 0.000093
2, 8, 7.000000, TABU, 1.000000, 0.016000
2, 8, 7.000000, TABU-RAND, 1.000000, 0.000000
2, 8, 7.000000, PDP, 22.000000, 0.000133
2, 8, 7.000000, TABU, 1.045455, 0.031000
2, 8, 7.000000, TABU-RAND, 1.000000, 0.000000
2, 8, 7.000000, PDP, 14.000000, 0.000145
2, 8, 7.000000, TABU, 1.000000, 0.032000
2, 8, 7.000000, TABU-RAND, 1.000000, 0.000000
2, 8, 7.000000, PDP, 3.000000, 0.000164
2, 8, 7.000000, TABU, 1.000000, 0.078000
2, 8, 7.000000, TABU-RAND, 1.000000, 0.000000
2, 8, 7.000000, PDP, 14.000000, 0.000183
2, 8, 7.000000, TABU, 1.142857, 0.031000
2, 8, 7.000000, TABU-RAND, 1.142857, 0.000000
2, 8, 7.000000, PDP, 8.000000, 0.000119
2, 8, 7.000000, TABU, 1.000000, 0.032000
2, 8, 7.000000, TABU-RAND, 1.000000, 0.000000
2, 8, 7.000000, PDP, 13.000000, 0.000210
2, 8, 7.000000, TABU, 1.000000, 0.031000
2, 8, 7.000000, TABU-RAND, 1.000000, 0.000000
2, 10, 3.000000, PDP, 11.000000, 0.000375
2, 10, 3.000000, TABU, 1.000000, 0.031000
2, 10, 3.000000, TABU-RAND, 1.000000, 0.000000
2, 10, 3.000000, PDP, 16.000000, 0.000278
2, 10, 3.000000, TABU, 1.000000, 0.046000
2, 10, 3.000000, TABU-RAND, 1.000000, 0.000000
2, 10, 3.000000, PDP, 8.000000, 0.000375
2, 10, 3.000000, TABU, 1.125000, 0.032000
2, 10, 3.000000, TABU-RAND, 1.000000, 0.000000
2, 10, 3.000000, PDP, 5.000000, 0.000384
2, 10, 3.000000, TABU, 1.000000, 0.031000
2, 10, 3.000000, TABU-RAND, 1.000000, 0.000000
2, 10, 3.000000, PDP, 7.000000, 0.000416
2, 10, 3.000000, TABU, 1.000000, 0.063000
2, 10, 3.000000, TABU-RAND, 1.000000, 0.000000
2, 10, 3.000000, PDP, 10.000000, 0.000385
2, 10, 3.000000, TABU, 1.100000, 0.031000
2, 10, 3.000000, TABU-RAND, 1.100000, 0.000000
2, 10, 3.000000, PDP, 9.000000, 0.000374
2, 10, 3.000000, TABU, 1.222222, 0.031000
2, 10, 3.000000, TABU-RAND, 1.222222, 0.000000
2, 10, 3.000000, PDP, 13.000000, 0.000396
2, 10, 3.000000, TABU, 1.076923, 0.032000
2, 10, 3.000000, TABU-RAND, 1.000000, 0.000000
2, 10, 3.000000, PDP, 17.000000, 0.000367
2, 10, 3.000000, TABU, 1.000000, 0.032000
2, 10, 3.000000, TABU-RAND, 1.000000, 0.000000
2, 10, 3.000000, PDP, 7.000000, 0.000384
2, 10, 3.000000, TABU, 1.000000, 0.047000
2, 10, 3.000000, TABU-RAND, 1.142857, 0.000000
2, 10, 5.000000, PDP, 13.000000, 0.000492
2, 10, 5.000000, TABU, 1.000000, 0.047000
2, 10, 5.000000, TABU-RAND, 1.000000, 0.000000
2, 10, 5.000000, PDP, 14.000000, 0.000302
2, 10, 5.000000, TABU, 1.000000, 0.031000
2, 10, 5.000000, TABU-RAND, 1.000000, 0.000000
2, 10, 5.000000, PDP, 8.000000, 0.000387
2, 10, 5.000000, TABU, 1.000000, 0.031000
2, 10, 5.000000, TABU-RAND, 1.000000, 0.000000
2, 10, 5.000000, PDP, 3.000000, 0.000336
2, 10, 5.000000, TABU, 1.000000, 0.031000
2, 10, 5.000000, TABU-RAND, 1.000000, 0.000000
2, 10, 5.000000, PDP, 9.000000, 0.000322
2, 10, 5.000000, TABU, 1.111111, 0.078000
2, 10, 5.000000, TABU-RAND, 1.000000, 0.000000
2, 10, 5.000000, PDP, 12.000000, 0.000692
2, 10, 5.000000, TABU, 1.000000, 0.032000
2, 10, 5.000000, TABU-RAND, 1.000000, 0.000000
2, 10, 5.000000, PDP, 4.000000, 0.000385
2, 10, 5.000000, TABU, 1.000000, 0.062000
2, 10, 5.000000, TABU-RAND, 1.000000, 0.000000
2, 10, 5.000000, PDP, 10.000000, 0.000340
2, 10, 5.000000, TABU, 1.000000, 0.062000
2, 10, 5.000000, TABU-RAND, 1.000000, 0.000000
2, 10, 5.000000, PDP, 15.000000, 0.000273
2, 10, 5.000000, TABU, 1.000000, 0.047000
2, 10, 5.000000, TABU-RAND, 1.000000, 0.000000
2, 10, 5.000000, PDP, 14.000000, 0.000291
2, 10, 5.000000, TABU, 1.000000, 0.047000
2, 10, 5.000000, TABU-RAND, 1.000000, 0.000000
2, 10, 7.000000, PDP, 4.000000, 0.000632
2, 10, 7.000000, TABU, 1.000000, 0.032000
2, 10, 7.000000, TABU-RAND, 1.000000, 0.000000
2, 10, 7.000000, PDP, 6.000000, 0.000361
2, 10, 7.000000, TABU, 1.000000, 0.031000
2, 10, 7.000000, TABU-RAND, 1.000000, 0.000000
2, 10, 7.000000, PDP, 14.000000, 0.000601
2, 10, 7.000000, TABU, 1.000000, 0.031000
2, 10, 7.000000, TABU-RAND, 1.000000, 0.000000
2, 10, 7.000000, PDP, 14.000000, 0.000477
2, 10, 7.000000, TABU, 1.000000, 0.031000
2, 10, 7.000000, TABU-RAND, 1.000000, 0.000000
2, 10, 7.000000, PDP, 16.000000, 0.000902
2, 10, 7.000000, TABU, 1.000000, 0.032000
2, 10, 7.000000, TABU-RAND, 1.000000, 0.000000
2, 10, 7.000000, PDP, 7.000000, 0.000648
2, 10, 7.000000, TABU, 1.000000, 0.032000
2, 10, 7.000000, TABU-RAND, 1.000000, 0.000000
2, 10, 7.000000, PDP, 18.000000, 0.000399
2, 10, 7.000000, TABU, 1.000000, 0.047000
2, 10, 7.000000, TABU-RAND, 1.111111, 0.000000
2, 10, 7.000000, PDP, 5.000000, 0.000404
2, 10, 7.000000, TABU, 1.000000, 0.047000
2, 10, 7.000000, TABU-RAND, 1.000000, 0.000000
2, 10, 7.000000, PDP, 10.000000, 0.000633
2, 10, 7.000000, TABU, 1.000000, 0.031000
2, 10, 7.000000, TABU-RAND, 1.000000, 0.000000
2, 10, 7.000000, PDP, 11.000000, 0.000304
2, 10, 7.000000, TABU, 1.000000, 0.032000
2, 10, 7.000000, TABU-RAND, 1.000000, 0.000000
2, 12, 3.000000, PDP, 7.000000, 0.001273
2, 12, 3.000000, TABU, 1.285714, 0.032000
2, 12, 3.000000, TABU-RAND, 1.000000, 0.000000
2, 12, 3.000000, PDP, 15.000000, 0.002519
2, 12, 3.000000, TABU, 1.000000, 0.046000
2, 12, 3.000000, TABU-RAND, 1.066667, 0.000000
2, 12, 3.000000, PDP, 14.000000, 0.001554
2, 12, 3.000000, TABU, 1.000000, 0.047000
2, 12, 3.000000, TABU-RAND, 1.000000, 0.000000
2, 12, 3.000000, PDP, 19.000000, 0.004710
2, 12, 3.000000, TABU, 1.000000, 0.047000
2, 12, 3.000000, TABU-RAND, 1.000000, 0.000000
2, 12, 3.000000, PDP, 10.000000, 0.002517
2, 12, 3.000000, TABU, 1.000000, 0.063000
2, 12, 3.000000, TABU-RAND, 1.000000, 0.000000
2, 12, 3.000000, PDP, 18.000000, 0.001945
2, 12, 3.000000, TABU, 1.000000, 0.063000
2, 12, 3.000000, TABU-RAND, 1.000000, 0.000000
2, 12, 3.000000, PDP, 8.000000, 0.001472
2, 12, 3.000000, TABU, 1.000000, 0.079000
2, 12, 3.000000, TABU-RAND, 1.000000, 0.000000
2, 12, 3.000000, PDP, 15.000000, 0.001970
2, 12, 3.000000, TABU, 1.000000, 0.047000
2, 12, 3.000000, TABU-RAND, 1.000000, 0.000000
2, 12, 3.000000, PDP, 7.000000, 0.002337
2, 12, 3.000000, TABU, 1.000000, 0.047000
2, 12, 3.000000, TABU-RAND, 1.285714, 0.000000
2, 12, 3.000000, PDP, 5.000000, 0.001456
2, 12, 3.000000, TABU, 1.000000, 0.047000
2, 12, 3.000000, TABU-RAND, 1.000000, 0.000000
2, 12, 5.000000, PDP, 13.000000, 0.001825
2, 12, 5.000000, TABU, 1.000000, 0.078000
2, 12, 5.000000, TABU-RAND, 1.000000, 0.000000
2, 12, 5.000000, PDP, 17.000000, 0.001271
2, 12, 5.000000, TABU, 1.000000, 0.031000
2, 12, 5.000000, TABU-RAND, 1.000000, 0.000000
2, 12, 5.000000, PDP, 9.000000, 0.001305
2, 12, 5.000000, TABU, 1.000000, 0.032000
2, 12, 5.000000, TABU-RAND, 1.111111, 0.000000
2, 12, 5.000000, PDP, 4.000000, 0.001060
2, 12, 5.000000, TABU, 1.000000, 0.063000
2, 12, 5.000000, TABU-RAND, 1.500000, 0.000000
2, 12, 5.000000, PDP, 16.000000, 0.001900
2, 12, 5.000000, TABU, 1.000000, 0.094000
2, 12, 5.000000, TABU-RAND, 1.000000, 0.000000
2, 12, 5.000000, PDP, 14.000000, 0.001537
2, 12, 5.000000, TABU, 1.000000, 0.047000
2, 12, 5.000000, TABU-RAND, 1.000000, 0.000000
2, 12, 5.000000, PDP, 18.000000, 0.001301
2, 12, 5.000000, TABU, 1.055556, 0.063000
2, 12, 5.000000, TABU-RAND, 1.000000, 0.000000
2, 12, 5.000000, PDP, 14.000000, 0.001174
2, 12, 5.000000, TABU, 1.142857, 0.031000
2, 12, 5.000000, TABU-RAND, 1.142857, 0.000000
2, 12, 5.000000, PDP, 9.000000, 0.001370
2, 12, 5.000000, TABU, 1.000000, 0.078000
2, 12, 5.000000, TABU-RAND, 1.000000, 0.000000
2, 12, 5.000000, PDP, 3.000000, 0.001116
2, 12, 5.000000, TABU, 1.000000, 0.031000
2, 12, 5.000000, TABU-RAND, 1.000000, 0.000000
2, 12, 7.000000, PDP, 6.000000, 0.001452
2, 12, 7.000000, TABU, 1.000000, 0.031000
2, 12, 7.000000, TABU-RAND, 1.000000, 0.000000
2, 12, 7.000000, PDP, 5.000000, 0.001097
2, 12, 7.000000, TABU, 1.000000, 0.031000
2, 12, 7.000000, TABU-RAND, 1.000000, 0.000000
2, 12, 7.000000, PDP, 6.000000, 0.001378
2, 12, 7.000000, TABU, 1.166667, 0.031000
2, 12, 7.000000, TABU-RAND, 1.000000, 0.000000
2, 12, 7.000000, PDP, 13.000000, 0.002710
2, 12, 7.000000, TABU, 1.000000, 0.032000
2, 12, 7.000000, TABU-RAND, 1.000000, 0.000000
2, 12, 7.000000, PDP, 10.000000, 0.001159
2, 12, 7.000000, TABU, 1.100000, 0.047000
2, 12, 7.000000, TABU-RAND, 1.000000, 0.000000
2, 12, 7.000000, PDP, 7.000000, 0.001056
2, 12, 7.000000, TABU, 1.000000, 0.063000
2, 12, 7.000000, TABU-RAND, 1.000000, 0.000000
2, 12, 7.000000, PDP, 3.000000, 0.000990
2, 12, 7.000000, TABU, 1.000000, 0.063000
2, 12, 7.000000, TABU-RAND, 1.000000, 0.000000
2, 12, 7.000000, PDP, 8.000000, 0.001063
2, 12, 7.000000, TABU, 1.125000, 0.078000
2, 12, 7.000000, TABU-RAND, 1.000000, 0.000000
2, 12, 7.000000, PDP, 3.000000, 0.001257
2, 12, 7.000000, TABU, 1.000000, 0.047000
2, 12, 7.000000, TABU-RAND, 1.000000, 0.000000
2, 12, 7.000000, PDP, 12.000000, 0.001291
2, 12, 7.000000, TABU, 1.000000, 0.047000
2, 12, 7.000000, TABU-RAND, 1.000000, 0.000000
3, 6, 3.000000, PDP, 7.000000, 0.000178
3, 6, 3.000000, TABU, 1.000000, 0.031000
3, 6, 3.000000, TABU-RAND, 1.000000, 0.000000
3, 6, 3.000000, PDP, 13.000000, 0.000222
3, 6, 3.000000, TABU, 1.000000, 0.031000
3, 6, 3.000000, TABU-RAND, 1.000000, 0.000000
3, 6, 3.000000, PDP, 9.000000, 0.000156
3, 6, 3.000000, TABU, 1.000000, 0.047000
3, 6, 3.000000, TABU-RAND, 1.000000, 0.000000
3, 6, 3.000000, PDP, 12.000000, 0.000192
3, 6, 3.000000, TABU, 1.000000, 0.032000
3, 6, 3.000000, TABU-RAND, 1.000000, 0.000000
3, 6, 3.000000, PDP, 13.000000, 0.000153
3, 6, 3.000000, TABU, 1.000000, 0.047000
3, 6, 3.000000, TABU-RAND, 1.000000, 0.000000
3, 6, 3.000000, PDP, 4.000000, 0.000203
3, 6, 3.000000, TABU, 1.000000, 0.031000
3, 6, 3.000000, TABU-RAND, 1.000000, 0.000000
3, 6, 3.000000, PDP, 7.000000, 0.000142
3, 6, 3.000000, TABU, 1.000000, 0.016000
3, 6, 3.000000, TABU-RAND, 1.000000, 0.000000
3, 6, 3.000000, PDP, 9.000000, 0.000158
3, 6, 3.000000, TABU, 1.000000, 0.032000
3, 6, 3.000000, TABU-RAND, 1.000000, 0.000000
3, 6, 3.000000, PDP, 8.000000, 0.000131
3, 6, 3.000000, TABU, 1.000000, 0.031000
3, 6, 3.000000, TABU-RAND, 1.000000, 0.000000
3, 6, 3.000000, PDP, 6.000000, 0.000231
3, 6, 3.000000, TABU, 1.000000, 0.016000
3, 6, 3.000000, TABU-RAND, 1.000000, 0.000000
3, 6, 5.000000, PDP, 7.000000, 0.000175
3, 6, 5.000000, TABU, 1.000000, 0.031000
3, 6, 5.000000, TABU-RAND, 1.000000, 0.000000
3, 6, 5.000000, PDP, 7.000000, 0.000175
3, 6, 5.000000, TABU, 1.000000, 0.031000
3, 6, 5.000000, TABU-RAND, 1.000000, 0.000000
3, 6, 5.000000, PDP, 13.000000, 0.000185
3, 6, 5.000000, TABU, 1.000000, 0.031000
3, 6, 5.000000, TABU-RAND, 1.000000, 0.000000
3, 6, 5.000000, PDP, 9.000000, 0.000171
3, 6, 5.000000, TABU, 1.000000, 0.031000
3, 6, 5.000000, TABU-RAND, 1.000000, 0.000000
3, 6, 5.000000, PDP, 6.000000, 0.000216
3, 6, 5.000000, TABU, 1.000000, 0.031000
3, 6, 5.000000, TABU-RAND, 1.000000, 0.000000
3, 6, 5.000000, PDP, 3.000000, 0.000137
3, 6, 5.000000, TABU, 1.000000, 0.063000
3, 6, 5.000000, TABU-RAND, 1.000000, 0.000000
3, 6, 5.000000, PDP, 11.000000, 0.000202
3, 6, 5.000000, TABU, 1.000000, 0.031000
3, 6, 5.000000, TABU-RAND, 1.000000, 0.000000
3, 6, 5.000000, PDP, 4.000000, 0.000180
3, 6, 5.000000, TABU, 1.250000, 0.032000
3, 6, 5.000000, TABU-RAND, 1.250000, 0.000000
3, 6, 5.000000, PDP, 8.000000, 0.000138
3, 6, 5.000000, TABU, 1.000000, 0.031000
3, 6, 5.000000, TABU-RAND, 1.000000, 0.000000
3, 6, 5.000000, PDP, 9.000000, 0.000153
3, 6, 5.000000, TABU, 1.000000, 0.047000
3, 6, 5.000000, TABU-RAND, 1.000000, 0.000000
3, 6, 7.000000, PDP, 7.000000, 0.000200
3, 6, 7.000000, TABU, 1.000000, 0.015000
3, 6, 7.000000, TABU-RAND, 1.000000, 0.000000
3, 6, 7.000000, PDP, 10.000000, 0.000192
3, 6, 7.000000, TABU, 1.000000, 0.031000
3, 6, 7.000000, TABU-RAND, 1.000000, 0.000000
3, 6, 7.000000, PDP, 12.000000, 0.000361
3, 6, 7.000000, TABU, 1.000000, 0.031000
3, 6, 7.000000, TABU-RAND, 1.000000, 0.000000
3, 6, 7.000000, PDP, 7.000000, 0.000194
3, 6, 7.000000, TABU, 1.000000, 0.031000
3, 6, 7.000000, TABU-RAND, 1.000000, 0.000000
3, 6, 7.000000, PDP, 8.000000, 0.000186
3, 6, 7.000000, TABU, 1.000000, 0.031000
3, 6, 7.000000, TABU-RAND, 1.000000, 0.000000
3, 6, 7.000000, PDP, 8.000000, 0.000145
3, 6, 7.000000, TABU, 1.000000, 0.125000
3, 6, 7.000000, TABU-RAND, 1.000000, 0.000000
3, 6, 7.000000, PDP, 2.000000, 0.000187
3, 6, 7.000000, TABU, 1.000000, 0.031000
3, 6, 7.000000, TABU-RAND, 1.000000, 0.000000
3, 6, 7.000000, PDP, 12.000000, 0.000248
3, 6, 7.000000, TABU, 1.000000, 0.047000
3, 6, 7.000000, TABU-RAND, 1.000000, 0.000000
3, 6, 7.000000, PDP, 9.000000, 0.000241
3, 6, 7.000000, TABU, 1.000000, 0.016000
3, 6, 7.000000, TABU-RAND, 1.000000, 0.000000
3, 6, 7.000000, PDP, 3.000000, 0.000171
3, 6, 7.000000, TABU, 1.000000, 0.031000
3, 6, 7.000000, TABU-RAND, 1.000000, 0.000000
3, 8, 3.000000, PDP, 0.000000, 0.001257
3, 8, 3.000000, TABU, -nan(ind), 0.031000
3, 8, 3.000000, TABU-RAND, -nan(ind), 0.000000
3, 8, 3.000000, PDP, 0.000000, 0.001261
3, 8, 3.000000, TABU, -nan(ind), 0.047000
3, 8, 3.000000, TABU-RAND, -nan(ind), 0.000000
3, 8, 3.000000, PDP, 10.000000, 0.001938
3, 8, 3.000000, TABU, 1.000000, 0.047000
3, 8, 3.000000, TABU-RAND, 1.000000, 0.000000
3, 8, 3.000000, PDP, 8.000000, 0.002452
3, 8, 3.000000, TABU, 1.000000, 0.046000
3, 8, 3.000000, TABU-RAND, 1.000000, 0.000000
3, 8, 3.000000, PDP, 9.000000, 0.001278
3, 8, 3.000000, TABU, 1.111111, 0.047000
3, 8, 3.000000, TABU-RAND, 1.000000, 0.000000
3, 8, 3.000000, PDP, 2.000000, 0.001490
3, 8, 3.000000, TABU, 1.000000, 0.031000
3, 8, 3.000000, TABU-RAND, 1.000000, 0.000000
3, 8, 3.000000, PDP, 9.000000, 0.001865
3, 8, 3.000000, TABU, 1.000000, 0.062000
3, 8, 3.000000, TABU-RAND, 1.000000, 0.000000
3, 8, 3.000000, PDP, 8.000000, 0.001850
3, 8, 3.000000, TABU, 1.000000, 0.078000
3, 8, 3.000000, TABU-RAND, 1.000000, 0.000000
3, 8, 3.000000, PDP, 6.000000, 0.001498
3, 8, 3.000000, TABU, 1.000000, 0.046000
3, 8, 3.000000, TABU-RAND, 1.000000, 0.000000
3, 8, 3.000000, PDP, 13.000000, 0.002970
3, 8, 3.000000, TABU, 1.000000, 0.047000
3, 8, 3.000000, TABU-RAND, 1.000000, 0.000000
3, 8, 5.000000, PDP, 9.000000, 0.001629
3, 8, 5.000000, TABU, 1.000000, 0.032000
3, 8, 5.000000, TABU-RAND, 1.000000, 0.000000
3, 8, 5.000000, PDP, 14.000000, 0.001561
3, 8, 5.000000, TABU, 1.000000, 0.031000
3, 8, 5.000000, TABU-RAND, 1.000000, 0.000000
3, 8, 5.000000, PDP, 8.000000, 0.001835
3, 8, 5.000000, TABU, 1.000000, 0.032000
3, 8, 5.000000, TABU-RAND, 1.000000, 0.000000
3, 8, 5.000000, PDP, 8.000000, 0.001458
3, 8, 5.000000, TABU, 1.000000, 0.032000
3, 8, 5.000000, TABU-RAND, 1.000000, 0.000000
3, 8, 5.000000, PDP, 13.000000, 0.001669
3, 8, 5.000000, TABU, 1.000000, 0.062000
3, 8, 5.000000, TABU-RAND, 1.076923, 0.000000
3, 8, 5.000000, PDP, 14.000000, 0.001185
3, 8, 5.000000, TABU, 1.000000, 0.032000
3, 8, 5.000000, TABU-RAND, 1.000000, 0.000000
3, 8, 5.000000, PDP, 11.000000, 0.001327
3, 8, 5.000000, TABU, 1.000000, 0.032000
3, 8, 5.000000, TABU-RAND, 1.000000, 0.000000
3, 8, 5.000000, PDP, 10.000000, 0.001930
3, 8, 5.000000, TABU, 1.000000, 0.062000
3, 8, 5.000000, TABU-RAND, 1.000000, 0.000000
3, 8, 5.000000, PDP, 6.000000, 0.001416
3, 8, 5.000000, TABU, 1.000000, 0.047000
3, 8, 5.000000, TABU-RAND, 1.000000, 0.000000
3, 8, 5.000000, PDP, 10.000000, 0.001416
3, 8, 5.000000, TABU, 1.000000, 0.031000
3, 8, 5.000000, TABU-RAND, 1.000000, 0.000000
3, 8, 7.000000, PDP, 8.000000, 0.001228
3, 8, 7.000000, TABU, 1.000000, 0.032000
3, 8, 7.000000, TABU-RAND, 1.000000, 0.000000
3, 8, 7.000000, PDP, 16.000000, 0.001949
3, 8, 7.000000, TABU, 1.000000, 0.031000
3, 8, 7.000000, TABU-RAND, 1.000000, 0.000000
3, 8, 7.000000, PDP, 10.000000, 0.001398
3, 8, 7.000000, TABU, 1.000000, 0.032000
3, 8, 7.000000, TABU-RAND, 1.000000, 0.000000
3, 8, 7.000000, PDP, 8.000000, 0.001336
3, 8, 7.000000, TABU, 1.000000, 0.032000
3, 8, 7.000000, TABU-RAND, 1.000000, 0.000000
3, 8, 7.000000, PDP, 13.000000, 0.001474
3, 8, 7.000000, TABU, 1.000000, 0.031000
3, 8, 7.000000, TABU-RAND, 1.000000, 0.000000
3, 8, 7.000000, PDP, 4.000000, 0.001555
3, 8, 7.000000, TABU, 1.000000, 0.063000
3, 8, 7.000000, TABU-RAND, 1.000000, 0.000000
3, 8, 7.000000, PDP, 14.000000, 0.001249
3, 8, 7.000000, TABU, 1.000000, 0.062000
3, 8, 7.000000, TABU-RAND, 1.000000, 0.000000
3, 8, 7.000000, PDP, 6.000000, 0.001375
3, 8, 7.000000, TABU, 1.000000, 0.047000
3, 8, 7.000000, TABU-RAND, 1.000000, 0.000000
3, 8, 7.000000, PDP, 4.000000, 0.001168
3, 8, 7.000000, TABU, 1.250000, 0.032000
3, 8, 7.000000, TABU-RAND, 1.250000, 0.000000
3, 8, 7.000000, PDP, 7.000000, 0.001290
3, 8, 7.000000, TABU, 1.000000, 0.047000
3, 8, 7.000000, TABU-RAND, 1.000000, 0.000000
3, 10, 3.000000, PDP, 5.000000, 0.011234
3, 10, 3.000000, TABU, 1.000000, 0.047000
3, 10, 3.000000, TABU-RAND, 1.000000, 0.000000
3, 10, 3.000000, PDP, 7.000000, 0.010733
3, 10, 3.000000, TABU, 1.142857, 0.047000
3, 10, 3.000000, TABU-RAND, 1.142857, 0.000000
3, 10, 3.000000, PDP, 8.000000, 0.011782
3, 10, 3.000000, TABU, 1.000000, 0.062000
3, 10, 3.000000, TABU-RAND, 1.000000, 0.000000
3, 10, 3.000000, PDP, 7.000000, 0.011581
3, 10, 3.000000, TABU, 1.142857, 0.047000
3, 10, 3.000000, TABU-RAND, 1.000000, 0.000000
3, 10, 3.000000, PDP, 5.000000, 0.011789
3, 10, 3.000000, TABU, 1.000000, 0.046000
3, 10, 3.000000, TABU-RAND, 1.000000, 0.000000
3, 10, 3.000000, PDP, 16.000000, 0.014335
3, 10, 3.000000, TABU, 1.000000, 0.078000
3, 10, 3.000000, TABU-RAND, 1.000000, 0.000000
3, 10, 3.000000, PDP, 3.000000, 0.011392
3, 10, 3.000000, TABU, 1.000000, 0.031000
3, 10, 3.000000, TABU-RAND, 1.000000, 0.000000
3, 10, 3.000000, PDP, 5.000000, 0.010610
3, 10, 3.000000, TABU, 1.000000, 0.031000
3, 10, 3.000000, TABU-RAND, 1.000000, 0.000000
3, 10, 3.000000, PDP, 1.000000, 0.011337
3, 10, 3.000000, TABU, 2.000000, 0.031000
3, 10, 3.000000, TABU-RAND, 2.000000, 0.000000
3, 10, 3.000000, PDP, 11.000000, 0.012984
3, 10, 3.000000, TABU, 1.000000, 0.078000
3, 10, 3.000000, TABU-RAND, 1.000000, 0.000000
3, 10, 5.000000, PDP, 6.000000, 0.010908
3, 10, 5.000000, TABU, 1.166667, 0.031000
3, 10, 5.000000, TABU-RAND, 1.000000, 0.000000
3, 10, 5.000000, PDP, 10.000000, 0.012046
3, 10, 5.000000, TABU, 1.000000, 0.031000
3, 10, 5.000000, TABU-RAND, 1.000000, 0.000000
3, 10, 5.000000, PDP, 8.000000, 0.011002
3, 10, 5.000000, TABU, 1.125000, 0.031000
3, 10, 5.000000, TABU-RAND, 1.125000, 0.000000
3, 10, 5.000000, PDP, 4.000000, 0.010941
3, 10, 5.000000, TABU, 1.000000, 0.078000
3, 10, 5.000000, TABU-RAND, 1.000000, 0.000000
3, 10, 5.000000, PDP, 12.000000, 0.010886
3, 10, 5.000000, TABU, 1.000000, 0.125000
3, 10, 5.000000, TABU-RAND, 1.000000, 0.000000
3, 10, 5.000000, PDP, 1.000000, 0.011230
3, 10, 5.000000, TABU, 1.000000, 0.094000
3, 10, 5.000000, TABU-RAND, 1.000000, 0.000000
3, 10, 5.000000, PDP, 5.000000, 0.011704
3, 10, 5.000000, TABU, 1.000000, 0.032000
3, 10, 5.000000, TABU-RAND, 1.000000, 0.000000
3, 10, 5.000000, PDP, 25.000000, 0.014107
3, 10, 5.000000, TABU, 1.000000, 0.063000
3, 10, 5.000000, TABU-RAND, 1.000000, 0.000000
3, 10, 5.000000, PDP, 5.000000, 0.011616
3, 10, 5.000000, TABU, 1.000000, 0.046000
3, 10, 5.000000, TABU-RAND, 1.200000, 0.000000
3, 10, 5.000000, PDP, 11.000000, 0.011422
3, 10, 5.000000, TABU, 1.000000, 0.047000
3, 10, 5.000000, TABU-RAND, 1.000000, 0.000000
3, 10, 7.000000, PDP, 2.000000, 0.010929
3, 10, 7.000000, TABU, 1.500000, 0.031000
3, 10, 7.000000, TABU-RAND, 1.000000, 0.000000
3, 10, 7.000000, PDP, 10.000000, 0.011082
3, 10, 7.000000, TABU, 1.000000, 0.047000
3, 10, 7.000000, TABU-RAND, 1.000000, 0.000000
3, 10, 7.000000, PDP, 14.000000, 0.011028
3, 10, 7.000000, TABU, 1.000000, 0.031000
3, 10, 7.000000, TABU-RAND, 1.000000, 0.000000
3, 10, 7.000000, PDP, 8.000000, 0.011521
3, 10, 7.000000, TABU, 1.000000, 0.032000
3, 10, 7.000000, TABU-RAND, 1.000000, 0.000000
3, 10, 7.000000, PDP, 6.000000, 0.011067
3, 10, 7.000000, TABU, 1.000000, 0.047000
3, 10, 7.000000, TABU-RAND, 1.000000, 0.000000
3, 10, 7.000000, PDP, 12.000000, 0.012199
3, 10, 7.000000, TABU, 1.083333, 0.031000
3, 10, 7.000000, TABU-RAND, 1.083333, 0.000000
3, 10, 7.000000, PDP, 5.000000, 0.012641
3, 10, 7.000000, TABU, 1.000000, 0.047000
3, 10, 7.000000, TABU-RAND, 1.000000, 0.000000
3, 10, 7.000000, PDP, 7.000000, 0.013580
3, 10, 7.000000, TABU, 1.000000, 0.047000
3, 10, 7.000000, TABU-RAND, 1.142857, 0.000000
3, 10, 7.000000, PDP, 8.000000, 0.016086
3, 10, 7.000000, TABU, 1.000000, 0.047000
3, 10, 7.000000, TABU-RAND, 1.000000, 0.000000
3, 10, 7.000000, PDP, 4.000000, 0.015892
3, 10, 7.000000, TABU, 1.000000, 0.031000
3, 10, 7.000000, TABU-RAND, 1.000000, 0.000000
3, 12, 3.000000, PDP, 7.000000, 0.143667
3, 12, 3.000000, TABU, 1.000000, 0.156000
3, 12, 3.000000, TABU-RAND, 1.000000, 0.000000
3, 12, 3.000000, PDP, 7.000000, 0.132115
3, 12, 3.000000, TABU, 1.000000, 0.063000
3, 12, 3.000000, TABU-RAND, 1.000000, 0.000000
3, 12, 3.000000, PDP, 1.000000, 0.123213
3, 12, 3.000000, TABU, 1.000000, 0.078000
3, 12, 3.000000, TABU-RAND, 4.000000, 0.000000
3, 12, 3.000000, PDP, 12.000000, 0.115071
3, 12, 3.000000, TABU, 1.000000, 0.171000
3, 12, 3.000000, TABU-RAND, 1.000000, 0.000000
3, 12, 3.000000, PDP, 11.000000, 0.122318
3, 12, 3.000000, TABU, 1.000000, 0.047000
3, 12, 3.000000, TABU-RAND, 1.090909, 0.000000
3, 12, 3.000000, PDP, 7.000000, 0.111263
3, 12, 3.000000, TABU, 1.000000, 0.047000
3, 12, 3.000000, TABU-RAND, 1.142857, 0.000000
3, 12, 3.000000, PDP, 14.000000, 0.110856
3, 12, 3.000000, TABU, 1.071429, 0.031000
3, 12, 3.000000, TABU-RAND, 1.000000, 0.000000
3, 12, 3.000000, PDP, 5.000000, 0.103898
3, 12, 3.000000, TABU, 1.000000, 0.047000
3, 12, 3.000000, TABU-RAND, 1.000000, 0.000000
3, 12, 3.000000, PDP, 2.000000, 0.099796
3, 12, 3.000000, TABU, 1.000000, 0.031000
3, 12, 3.000000, TABU-RAND, 1.000000, 0.000000
3, 12, 3.000000, PDP, 4.000000, 0.104135
3, 12, 3.000000, TABU, 1.000000, 0.031000
3, 12, 3.000000, TABU-RAND, 1.000000, 0.000000
3, 12, 5.000000, PDP, 10.000000, 0.107113
3, 12, 5.000000, TABU, 1.000000, 0.031000
3, 12, 5.000000, TABU-RAND, 1.000000, 0.000000
3, 12, 5.000000, PDP, 7.000000, 0.103082
3, 12, 5.000000, TABU, 1.000000, 0.063000
3, 12, 5.000000, TABU-RAND, 1.000000, 0.000000
3, 12, 5.000000, PDP, 4.000000, 0.102535
3, 12, 5.000000, TABU, 1.000000, 0.047000
3, 12, 5.000000, TABU-RAND, 1.000000, 0.000000
3, 12, 5.000000, PDP, 4.000000, 0.102121
3, 12, 5.000000, TABU, 1.250000, 0.031000
3, 12, 5.000000, TABU-RAND, 1.250000, 0.000000
3, 12, 5.000000, PDP, 16.000000, 0.153717
3, 12, 5.000000, TABU, 1.000000, 0.031000
3, 12, 5.000000, TABU-RAND, 1.000000, 0.000000
3, 12, 5.000000, PDP, 15.000000, 0.107633
3, 12, 5.000000, TABU, 1.000000, 0.031000
3, 12, 5.000000, TABU-RAND, 1.000000, 0.000000
3, 12, 5.000000, PDP, 7.000000, 0.102211
3, 12, 5.000000, TABU, 1.000000, 0.078000
3, 12, 5.000000, TABU-RAND, 1.000000, 0.000000
3, 12, 5.000000, PDP, 8.000000, 0.105536
3, 12, 5.000000, TABU, 1.000000, 0.078000
3, 12, 5.000000, TABU-RAND, 1.000000, 0.000000
3, 12, 5.000000, PDP, 5.000000, 0.105776
3, 12, 5.000000, TABU, 1.400000, 0.125000
3, 12, 5.000000, TABU-RAND, 1.400000, 0.000000
3, 12, 5.000000, PDP, 8.000000, 0.106980
3, 12, 5.000000, TABU, 1.000000, 0.141000
3, 12, 5.000000, TABU-RAND, 1.375000, 0.000000
3, 12, 7.000000, PDP, 1.000000, 0.127786
3, 12, 7.000000, TABU, 2.000000, 0.047000
3, 12, 7.000000, TABU-RAND, 1.000000, 0.000000
3, 12, 7.000000, PDP, 8.000000, 0.146917
3, 12, 7.000000, TABU, 1.125000, 0.079000
3, 12, 7.000000, TABU-RAND, 1.125000, 0.000000
3, 12, 7.000000, PDP, 12.000000, 0.137416
3, 12, 7.000000, TABU, 1.000000, 0.203000
3, 12, 7.000000, TABU-RAND, 1.000000, 0.000000
3, 12, 7.000000, PDP, 4.000000, 0.114165
3, 12, 7.000000, TABU, 1.250000, 0.031000
3, 12, 7.000000, TABU-RAND, 1.000000, 0.000000
3, 12, 7.000000, PDP, 13.000000, 0.121457
3, 12, 7.000000, TABU, 1.076923, 0.047000
3, 12, 7.000000, TABU-RAND, 1.076923, 0.000000
3, 12, 7.000000, PDP, 4.000000, 0.105774
3, 12, 7.000000, TABU, 1.000000, 0.031000
3, 12, 7.000000, TABU-RAND, 1.000000, 0.000000
3, 12, 7.000000, PDP, 14.000000, 0.109793
3, 12, 7.000000, TABU, 1.071429, 0.031000
3, 12, 7.000000, TABU-RAND, 1.071429, 0.000000
3, 12, 7.000000, PDP, 4.000000, 0.105632
3, 12, 7.000000, TABU, 1.000000, 0.156000
3, 12, 7.000000, TABU-RAND, 1.250000, 0.000000
3, 12, 7.000000, PDP, 9.000000, 0.104401
3, 12, 7.000000, TABU, 1.000000, 0.047000
3, 12, 7.000000, TABU-RAND, 1.000000, 0.000000
3, 12, 7.000000, PDP, 8.000000, 0.110860
3, 12, 7.000000, TABU, 1.125000, 0.032000
3, 12, 7.000000, TABU-RAND, 1.125000, 0.000000
5, 6, 3.000000, PDP, 7.000000, 0.002293
5, 6, 3.000000, TABU, 1.000000, 0.125000
5, 6, 3.000000, TABU-RAND, 1.000000, 0.000000
5, 6, 3.000000, PDP, 6.000000, 0.002351
5, 6, 3.000000, TABU, 1.000000, 0.078000
5, 6, 3.000000, TABU-RAND, 1.000000, 0.000000
5, 6, 3.000000, PDP, 7.000000, 0.002208
5, 6, 3.000000, TABU, 1.000000, 0.078000
5, 6, 3.000000, TABU-RAND, 1.000000, 0.000000
5, 6, 3.000000, PDP, 11.000000, 0.002217
5, 6, 3.000000, TABU, 1.000000, 0.141000
5, 6, 3.000000, TABU-RAND, 1.000000, 0.000000
5, 6, 3.000000, PDP, 6.000000, 0.002141
5, 6, 3.000000, TABU, 1.000000, 0.125000
5, 6, 3.000000, TABU-RAND, 1.000000, 0.000000
5, 6, 3.000000, PDP, 11.000000, 0.002561
5, 6, 3.000000, TABU, 1.000000, 0.125000
5, 6, 3.000000, TABU-RAND, 1.000000, 0.000000
5, 6, 3.000000, PDP, 7.000000, 0.002530
5, 6, 3.000000, TABU, 1.000000, 0.125000
5, 6, 3.000000, TABU-RAND, 1.000000, 0.000000
5, 6, 3.000000, PDP, 13.000000, 0.002337
5, 6, 3.000000, TABU, 1.000000, 0.032000
5, 6, 3.000000, TABU-RAND, 1.000000, 0.000000
5, 6, 3.000000, PDP, 6.000000, 0.002286
5, 6, 3.000000, TABU, 1.000000, 0.140000
5, 6, 3.000000, TABU-RAND, 1.000000, 0.000000
5, 6, 3.000000, PDP, 4.000000, 0.002508
5, 6, 3.000000, TABU, 1.000000, 0.140000
5, 6, 3.000000, TABU-RAND, 1.000000, 0.000000
5, 6, 5.000000, PDP, 11.000000, 0.002333
5, 6, 5.000000, TABU, 1.000000, 0.140000
5, 6, 5.000000, TABU-RAND, 1.000000, 0.000000
5, 6, 5.000000, PDP, 7.000000, 0.002245
5, 6, 5.000000, TABU, 1.000000, 0.125000
5, 6, 5.000000, TABU-RAND, 1.000000, 0.000000
5, 6, 5.000000, PDP, 8.000000, 0.002236
5, 6, 5.000000, TABU, 1.000000, 0.140000
5, 6, 5.000000, TABU-RAND, 1.000000, 0.000000
5, 6, 5.000000, PDP, 11.000000, 0.002255
5, 6, 5.000000, TABU, 1.000000, 0.125000
5, 6, 5.000000, TABU-RAND, 1.000000, 0.000000
5, 6, 5.000000, PDP, 5.000000, 0.002249
5, 6, 5.000000, TABU, 1.000000, 0.031000
5, 6, 5.000000, TABU-RAND, 1.000000, 0.000000
5, 6, 5.000000, PDP, 7.000000, 0.002564
5, 6, 5.000000, TABU, 1.000000, 0.141000
5, 6, 5.000000, TABU-RAND, 1.000000, 0.000000
5, 6, 5.000000, PDP, 14.000000, 0.002246
5, 6, 5.000000, TABU, 1.000000, 0.047000
5, 6, 5.000000, TABU-RAND, 1.000000, 0.000000
5, 6, 5.000000, PDP, 10.000000, 0.002364
5, 6, 5.000000, TABU, 1.000000, 0.032000
5, 6, 5.000000, TABU-RAND, 1.000000, 0.000000
5, 6, 5.000000, PDP, 10.000000, 0.002312
5, 6, 5.000000, TABU, 1.000000, 0.031000
5, 6, 5.000000, TABU-RAND, 1.000000, 0.000000
5, 6, 5.000000, PDP, 6.000000, 0.002284
5, 6, 5.000000, TABU, 1.000000, 0.172000
5, 6, 5.000000, TABU-RAND, 1.000000, 0.000000
5, 6, 7.000000, PDP, 9.000000, 0.002410
5, 6, 7.000000, TABU, 1.000000, 0.219000
5, 6, 7.000000, TABU-RAND, 1.000000, 0.000000
5, 6, 7.000000, PDP, 7.000000, 0.003813
5, 6, 7.000000, TABU, 1.000000, 0.093000
5, 6, 7.000000, TABU-RAND, 1.000000, 0.000000
5, 6, 7.000000, PDP, 6.000000, 0.002854
5, 6, 7.000000, TABU, 1.000000, 0.187000
5, 6, 7.000000, TABU-RAND, 1.000000, 0.000000
5, 6, 7.000000, PDP, 6.000000, 0.002591
5, 6, 7.000000, TABU, 1.000000, 0.219000
5, 6, 7.000000, TABU-RAND, 1.000000, 0.000000
5, 6, 7.000000, PDP, 11.000000, 0.002579
5, 6, 7.000000, TABU, 1.000000, 0.032000
5, 6, 7.000000, TABU-RAND, 1.000000, 0.000000
5, 6, 7.000000, PDP, 8.000000, 0.002427
5, 6, 7.000000, TABU, 1.000000, 0.140000
5, 6, 7.000000, TABU-RAND, 1.000000, 0.000000
5, 6, 7.000000, PDP, 5.000000, 0.002385
5, 6, 7.000000, TABU, 1.000000, 0.031000
5, 6, 7.000000, TABU-RAND, 1.000000, 0.000000
5, 6, 7.000000, PDP, 8.000000, 0.002381
5, 6, 7.000000, TABU, 1.000000, 0.125000
5, 6, 7.000000, TABU-RAND, 1.000000, 0.000000
5, 6, 7.000000, PDP, 9.000000, 0.002169
5, 6, 7.000000, TABU, 1.000000, 0.109000
5, 6, 7.000000, TABU-RAND, 1.000000, 0.000000
5, 6, 7.000000, PDP, 7.000000, 0.002742
5, 6, 7.000000, TABU, 1.000000, 0.063000
5, 6, 7.000000, TABU-RAND, 1.000000, 0.000000
5, 8, 3.000000, PDP, 3.000000, 0.062645
5, 8, 3.000000, TABU, 1.000000, 0.141000
5, 8, 3.000000, TABU-RAND, 1.000000, 0.000000
5, 8, 3.000000, PDP, 3.000000, 0.061837
5, 8, 3.000000, TABU, 1.000000, 0.141000
5, 8, 3.000000, TABU-RAND, 1.000000, 0.000000
5, 8, 3.000000, PDP, 11.000000, 0.060894
5, 8, 3.000000, TABU, 1.000000, 0.110000
5, 8, 3.000000, TABU-RAND, 1.000000, 0.000000
5, 8, 3.000000, PDP, 10.000000, 0.060138
5, 8, 3.000000, TABU, 1.000000, 0.063000
5, 8, 3.000000, TABU-RAND, 1.000000, 0.000000
5, 8, 3.000000, PDP, 7.000000, 0.065681
5, 8, 3.000000, TABU, 1.000000, 0.156000
5, 8, 3.000000, TABU-RAND, 1.000000, 0.000000
5, 8, 3.000000, PDP, 3.000000, 0.061761
5, 8, 3.000000, TABU, 1.000000, 0.156000
5, 8, 3.000000, TABU-RAND, 1.000000, 0.000000
5, 8, 3.000000, PDP, 7.000000, 0.060333
5, 8, 3.000000, TABU, 1.000000, 0.141000
5, 8, 3.000000, TABU-RAND, 1.000000, 0.000000
5, 8, 3.000000, PDP, 8.000000, 0.060178
5, 8, 3.000000, TABU, 1.000000, 0.109000
5, 8, 3.000000, TABU-RAND, 1.000000, 0.000000
5, 8, 3.000000, PDP, 7.000000, 0.062278
5, 8, 3.000000, TABU, 1.000000, 0.094000
5, 8, 3.000000, TABU-RAND, 1.000000, 0.000000
5, 8, 3.000000, PDP, 5.000000, 0.062692
5, 8, 3.000000, TABU, 1.000000, 0.047000
5, 8, 3.000000, TABU-RAND, 1.000000, 0.000000
5, 8, 5.000000, PDP, 10.000000, 0.064041
5, 8, 5.000000, TABU, 1.000000, 0.093000
5, 8, 5.000000, TABU-RAND, 1.000000, 0.000000
5, 8, 5.000000, PDP, 6.000000, 0.063583
5, 8, 5.000000, TABU, 1.000000, 0.047000
5, 8, 5.000000, TABU-RAND, 1.000000, 0.000000
5, 8, 5.000000, PDP, 3.000000, 0.062855
5, 8, 5.000000, TABU, 1.000000, 0.141000
5, 8, 5.000000, TABU-RAND, 1.000000, 0.000000
5, 8, 5.000000, PDP, 5.000000, 0.065350
5, 8, 5.000000, TABU, 1.000000, 0.032000
5, 8, 5.000000, TABU-RAND, 1.200000, 0.000000
5, 8, 5.000000, PDP, 12.000000, 0.065523
5, 8, 5.000000, TABU, 1.000000, 0.157000
5, 8, 5.000000, TABU-RAND, 1.000000, 0.000000
5, 8, 5.000000, PDP, 6.000000, 0.063795
5, 8, 5.000000, TABU, 1.000000, 0.078000
5, 8, 5.000000, TABU-RAND, 1.000000, 0.000000
5, 8, 5.000000, PDP, 4.000000, 0.081387
5, 8, 5.000000, TABU, 1.000000, 0.203000
5, 8, 5.000000, TABU-RAND, 1.000000, 0.000000
5, 8, 5.000000, PDP, 6.000000, 0.088026
5, 8, 5.000000, TABU, 1.000000, 0.047000
5, 8, 5.000000, TABU-RAND, 1.000000, 0.000000
5, 8, 5.000000, PDP, 4.000000, 0.077604
5, 8, 5.000000, TABU, 1.000000, 0.172000
5, 8, 5.000000, TABU-RAND, 1.000000, 0.000000
5, 8, 5.000000, PDP, 11.000000, 0.076420
5, 8, 5.000000, TABU, 1.000000, 0.172000
5, 8, 5.000000, TABU-RAND, 1.000000, 0.000000
5, 8, 7.000000, PDP, 6.000000, 0.067421
5, 8, 7.000000, TABU, 1.000000, 0.109000
5, 8, 7.000000, TABU-RAND, 1.000000, 0.000000
5, 8, 7.000000, PDP, 10.000000, 0.063495
5, 8, 7.000000, TABU, 1.000000, 0.156000
5, 8, 7.000000, TABU-RAND, 1.000000, 0.000000
5, 8, 7.000000, PDP, 5.000000, 0.063602
5, 8, 7.000000, TABU, 1.000000, 0.141000
5, 8, 7.000000, TABU-RAND, 1.000000, 0.000000
5, 8, 7.000000, PDP, 9.000000, 0.064886
5, 8, 7.000000, TABU, 1.000000, 0.047000
5, 8, 7.000000, TABU-RAND, 1.000000, 0.000000
5, 8, 7.000000, PDP, 4.000000, 0.061427
5, 8, 7.000000, TABU, 1.000000, 0.093000
5, 8, 7.000000, TABU-RAND, 1.000000, 0.000000
5, 8, 7.000000, PDP, 4.000000, 0.059927
5, 8, 7.000000, TABU, 1.000000, 0.141000
5, 8, 7.000000, TABU-RAND, 1.000000, 0.000000
5, 8, 7.000000, PDP, 8.000000, 0.061287
5, 8, 7.000000, TABU, 1.000000, 0.031000
5, 8, 7.000000, TABU-RAND, 1.000000, 0.000000
5, 8, 7.000000, PDP, 3.000000, 0.061860
5, 8, 7.000000, TABU, 1.000000, 0.140000
5, 8, 7.000000, TABU-RAND, 1.000000, 0.000000
5, 8, 7.000000, PDP, 7.000000, 0.060727
5, 8, 7.000000, TABU, 1.000000, 0.047000
5, 8, 7.000000, TABU-RAND, 1.000000, 0.000000
5, 8, 7.000000, PDP, 7.000000, 0.060979
5, 8, 7.000000, TABU, 1.000000, 0.140000
5, 8, 7.000000, TABU-RAND, 1.000000, 0.000000
5, 10, 3.000000, PDP, 6.000000, 1.669144
5, 10, 3.000000, TABU, 1.000000, 0.157000
5, 10, 3.000000, TABU-RAND, 1.333333, 0.000000
5, 10, 3.000000, PDP, 9.000000, 1.926932
5, 10, 3.000000, TABU, 1.000000, 0.031000
5, 10, 3.000000, TABU-RAND, 1.000000, 0.000000
5, 10, 3.000000, PDP, 4.000000, 1.611006
5, 10, 3.000000, TABU, 1.000000, 0.171000
5, 10, 3.000000, TABU-RAND, 1.000000, 0.000000
5, 10, 3.000000, PDP, 9.000000, 1.782216
5, 10, 3.000000, TABU, 1.000000, 0.203000
5, 10, 3.000000, TABU-RAND, 1.222222, 0.000000
5, 10, 3.000000, PDP, 14.000000, 1.707508
5, 10, 3.000000, TABU, 1.000000, 0.172000
5, 10, 3.000000, TABU-RAND, 1.000000, 0.000000
5, 10, 3.000000, PDP, 8.000000, 1.647940
5, 10, 3.000000, TABU, 1.000000, 0.110000
5, 10, 3.000000, TABU-RAND, 1.000000, 0.000000
5, 10, 3.000000, PDP, 6.000000, 1.881552
5, 10, 3.000000, TABU, 1.000000, 0.187000
5, 10, 3.000000, TABU-RAND, 1.000000, 0.000000
5, 10, 3.000000, PDP, 5.000000, 1.796461
5, 10, 3.000000, TABU, 1.000000, 0.156000
5, 10, 3.000000, TABU-RAND, 1.000000, 0.000000
5, 10, 3.000000, PDP, 5.000000, 1.511818
5, 10, 3.000000, TABU, 1.000000, 0.156000
5, 10, 3.000000, TABU-RAND, 1.000000, 0.000000
5, 10, 3.000000, PDP, 6.000000, 1.655777
5, 10, 3.000000, TABU, 1.000000, 0.125000
5, 10, 3.000000, TABU-RAND, 1.000000, 0.000000
5, 10, 5.000000, PDP, 6.000000, 1.471507
5, 10, 5.000000, TABU, 1.000000, 0.157000
5, 10, 5.000000, TABU-RAND, 1.000000, 0.000000
5, 10, 5.000000, PDP, 12.000000, 1.558722
5, 10, 5.000000, TABU, 1.000000, 0.172000
5, 10, 5.000000, TABU-RAND, 1.000000, 0.000000
5, 10, 5.000000, PDP, 5.000000, 1.549996
5, 10, 5.000000, TABU, 1.000000, 0.125000
5, 10, 5.000000, TABU-RAND, 1.000000, 0.000000
5, 10, 5.000000, PDP, 2.000000, 1.480454
5, 10, 5.000000, TABU, 1.000000, 0.140000
5, 10, 5.000000, TABU-RAND, 1.000000, 0.000000
5, 10, 5.000000, PDP, 2.000000, 1.599566
5, 10, 5.000000, TABU, 1.000000, 0.235000
5, 10, 5.000000, TABU-RAND, 1.000000, 0.000000
5, 10, 5.000000, PDP, 14.000000, 1.776628
5, 10, 5.000000, TABU, 1.000000, 0.141000
5, 10, 5.000000, TABU-RAND, 1.000000, 0.000000
5, 10, 5.000000, PDP, 8.000000, 1.472972
5, 10, 5.000000, TABU, 1.000000, 0.125000
5, 10, 5.000000, TABU-RAND, 1.000000, 0.000000
5, 10, 5.000000, PDP, 6.000000, 1.807260
5, 10, 5.000000, TABU, 1.000000, 0.157000
5, 10, 5.000000, TABU-RAND, 1.000000, 0.000000
5, 10, 5.000000, PDP, 11.000000, 1.465850
5, 10, 5.000000, TABU, 1.000000, 0.062000
5, 10, 5.000000, TABU-RAND, 1.000000, 0.000000
5, 10, 5.000000, PDP, 8.000000, 1.424415
5, 10, 5.000000, TABU, 1.000000, 0.047000
5, 10, 5.000000, TABU-RAND, 1.000000, 0.000000
5, 10, 7.000000, PDP, 10.000000, 1.706507
5, 10, 7.000000, TABU, 1.000000, 0.140000
5, 10, 7.000000, TABU-RAND, 1.000000, 0.000000
5, 10, 7.000000, PDP, 3.000000, 1.430290
5, 10, 7.000000, TABU, 1.000000, 0.110000
5, 10, 7.000000, TABU-RAND, 1.333333, 0.000000
5, 10, 7.000000, PDP, 9.000000, 1.449246
5, 10, 7.000000, TABU, 1.000000, 0.125000
5, 10, 7.000000, TABU-RAND, 1.000000, 0.000000
5, 10, 7.000000, PDP, 4.000000, 1.763314
5, 10, 7.000000, TABU, 1.000000, 0.141000
5, 10, 7.000000, TABU-RAND, 1.000000, 0.000000
5, 10, 7.000000, PDP, 7.000000, 1.426535
5, 10, 7.000000, TABU, 1.000000, 0.125000
5, 10, 7.000000, TABU-RAND, 1.000000, 0.000000
5, 10, 7.000000, PDP, 7.000000, 1.423616
5, 10, 7.000000, TABU, 1.000000, 0.063000
5, 10, 7.000000, TABU-RAND, 1.142857, 0.000000
5, 10, 7.000000, PDP, 1.000000, 1.725264
5, 10, 7.000000, TABU, 1.000000, 0.125000
5, 10, 7.000000, TABU-RAND, 1.000000, 0.000000
5, 10, 7.000000, PDP, 7.000000, 1.446547
5, 10, 7.000000, TABU, 1.000000, 0.141000
5, 10, 7.000000, TABU-RAND, 1.000000, 0.000000
5, 10, 7.000000, PDP, 5.000000, 1.426928
5, 10, 7.000000, TABU, 1.000000, 0.141000
5, 10, 7.000000, TABU-RAND, 1.000000, 0.000000
5, 10, 7.000000, PDP, 7.000000, 1.701667
5, 10, 7.000000, TABU, 1.000000, 0.140000
5, 10, 7.000000, TABU-RAND, 1.000000, 0.000000
5, 12, 3.000000, PDP, 2.000000, 41.514136
5, 12, 3.000000, TABU, 1.000000, 0.125000
5, 12, 3.000000, TABU-RAND, 1.000000, 0.000000
5, 12, 3.000000, PDP, 7.000000, 45.605998
5, 12, 3.000000, TABU, 1.000000, 0.156000
5, 12, 3.000000, TABU-RAND, 1.000000, 0.000000
5, 12, 3.000000, PDP, 4.000000, 43.149700
5, 12, 3.000000, TABU, 1.000000, 0.156000
5, 12, 3.000000, TABU-RAND, 1.000000, 0.000000
5, 12, 3.000000, PDP, 5.000000, 44.331292
5, 12, 3.000000, TABU, 1.000000, 0.141000
5, 12, 3.000000, TABU-RAND, 1.000000, 0.000000
5, 12, 3.000000, PDP, 1.000000, 44.203779
5, 12, 3.000000, TABU, 1.000000, 0.157000
5, 12, 3.000000, TABU-RAND, 3.000000, 0.000000
5, 12, 3.000000, PDP, 9.000000, 44.302002
5, 12, 3.000000, TABU, 1.000000, 0.204000
5, 12, 3.000000, TABU-RAND, 1.222222, 0.000000
5, 12, 3.000000, PDP, 10.000000, 42.563911
5, 12, 3.000000, TABU, 1.000000, 0.156000
5, 12, 3.000000, TABU-RAND, 1.100000, 0.000000
5, 12, 3.000000, PDP, 5.000000, 43.513803
5, 12, 3.000000, TABU, 1.000000, 0.156000
5, 12, 3.000000, TABU-RAND, 1.000000, 0.000000
5, 12, 3.000000, PDP, 14.000000, 42.726054
5, 12, 3.000000, TABU, 1.000000, 0.187000
5, 12, 3.000000, TABU-RAND, 1.071429, 0.000000
5, 12, 3.000000, PDP, 12.000000, 42.964908
5, 12, 3.000000, TABU, 1.000000, 0.141000
5, 12, 3.000000, TABU-RAND, 1.000000, 0.000000
5, 12, 5.000000, PDP, 9.000000, 44.554296
5, 12, 5.000000, TABU, 1.000000, 0.157000
5, 12, 5.000000, TABU-RAND, 1.000000, 0.000000
5, 12, 5.000000, PDP, 8.000000, 42.848596
5, 12, 5.000000, TABU, 1.000000, 0.063000
5, 12, 5.000000, TABU-RAND, 1.000000, 0.000000
5, 12, 5.000000, PDP, 6.000000, 43.335380
5, 12, 5.000000, TABU, 1.000000, 0.156000
5, 12, 5.000000, TABU-RAND, 1.000000, 0.000000
5, 12, 5.000000, PDP, 2.000000, 42.176126
5, 12, 5.000000, TABU, 1.000000, 0.156000
5, 12, 5.000000, TABU-RAND, 1.000000, 0.000000
5, 12, 5.000000, PDP, 8.000000, 43.520359
5, 12, 5.000000, TABU, 1.000000, 0.203000
5, 12, 5.000000, TABU-RAND, 1.000000, 0.000000
5, 12, 5.000000, PDP, 8.000000, 43.237387
5, 12, 5.000000, TABU, 1.000000, 0.140000
5, 12, 5.000000, TABU-RAND, 1.000000, 0.000000
5, 12, 5.000000, PDP, 4.000000, 43.953653
5, 12, 5.000000, TABU, 1.000000, 0.140000
5, 12, 5.000000, TABU-RAND, 1.000000, 0.000000
5, 12, 5.000000, PDP, 8.000000, 43.360186
5, 12, 5.000000, TABU, 1.000000, 0.110000
5, 12, 5.000000, TABU-RAND, 1.000000, 0.000000
5, 12, 5.000000, PDP, 15.000000, 43.868834
5, 12, 5.000000, TABU, 1.000000, 0.219000
5, 12, 5.000000, TABU-RAND, 1.066667, 0.000000
5, 12, 5.000000, PDP, 1.000000, 42.917417
5, 12, 5.000000, TABU, 1.000000, 0.141000
5, 12, 5.000000, TABU-RAND, 2.000000, 0.000000
5, 12, 7.000000, PDP, 11.000000, 44.310121
5, 12, 7.000000, TABU, 1.000000, 0.125000
5, 12, 7.000000, TABU-RAND, 1.000000, 0.000000
5, 12, 7.000000, PDP, 10.000000, 43.409994
5, 12, 7.000000, TABU, 1.100000, 0.140000
5, 12, 7.000000, TABU-RAND, 1.100000, 0.000000
5, 12, 7.000000, PDP, 7.000000, 44.413201
5, 12, 7.000000, TABU, 1.142857, 0.062000
5, 12, 7.000000, TABU-RAND, 1.000000, 0.000000
